,freq,siec,plant_tec,unit,Country,1990,1991,1992,1993,1994,1995,1996,1997,1998,1999,2000,2001,2002,2003,2004,2005,2006,2007,2008,2009,2010,2011,2012,2013,2014,2015,2016,2017,2018,2019,2020,2021,2022
0,A,Pure biogasoline,CAP_PRD,THS_TY,AL,0.0,0.0,0.0,0.0,0.0,0.0,0.0,0.0,0.0,0.0,0.0,0.0,0.0,0.0,0.0,0.0,0.0,0.0,0.0,0.0,0.0,0.0,0.0,0.0,0.0,0.0,0.0,0.0,0.0,0.0,0.0,0.0,0.0
1,A,Pure biogasoline,CAP_PRD,THS_TY,AT,0.0,0.0,0.0,0.0,0.0,0.0,0.0,0.0,0.0,0.0,0.0,0.0,0.0,0.0,0.0,0.0,160.0,160.0,160.0,191.0,191.0,191.0,191.0,191.0,210.0,210.0,220.5,220.5,220.5,220.5,220.5,220.5,220.5
2,A,Pure biogasoline,CAP_PRD,THS_TY,BA,,,,,,,,,,,,,,,,,,,,,,,,,0.0,0.0,0.0,0.0,0.0,0.0,0.0,0.0,0.0
3,A,Pure biogasoline,CAP_PRD,THS_TY,BE,0.0,0.0,0.0,0.0,0.0,0.0,0.0,0.0,0.0,0.0,0.0,0.0,0.0,0.0,0.0,0.0,0.0,0.0,369.0,369.0,369.0,369.0,369.0,369.0,369.0,408.0,408.0,408.0,408.0,408.0,408.0,408.0,408.0
4,A,Pure biogasoline,CAP_PRD,THS_TY,BG,0.0,0.0,0.0,0.0,0.0,0.0,0.0,0.0,0.0,0.0,0.0,0.0,0.0,0.0,0.0,0.0,0.0,0.0,30.0,0.0,0.0,0.0,0.0,21.9,24.0,26.0,27.0,27.0,27.0,27.0,27.0,27.0,30.0
5,A,Pure biogasoline,CAP_PRD,THS_TY,CY,0.0,0.0,0.0,0.0,0.0,0.0,0.0,0.0,0.0,0.0,0.0,0.0,0.0,0.0,0.0,0.0,0.0,0.0,0.0,0.0,0.0,0.0,0.0,0.0,0.0,0.0,0.0,0.0,0.0,0.0,0.0,0.0,0.0
6,A,Pure biogasoline,CAP_PRD,THS_TY,CZ,0.0,0.0,0.0,0.0,0.0,0.0,0.0,0.0,0.0,0.0,0.0,0.0,0.0,0.0,0.0,0.0,1.79,26.509,160.0,160.0,160.0,160.0,160.0,160.0,160.0,160.0,160.0,180.0,180.0,180.0,180.0,180.0,180.0
7,A,Pure biogasoline,CAP_PRD,THS_TY,DE,0.0,0.0,0.0,0.0,0.0,0.0,0.0,0.0,0.0,0.0,0.0,0.0,0.0,5.0,5.0,325.0,471.0,470.0,772.0,794.0,797.0,679.0,701.0,737.0,757.0,769.0,790.0,792.0,736.0,736.0,760.0,772.0,805.0
8,A,Pure biogasoline,CAP_PRD,THS_TY,DK,0.0,0.0,0.0,0.0,0.0,0.0,0.0,0.0,0.0,0.0,0.0,0.0,0.0,0.0,0.0,0.0,0.0,0.0,0.0,0.0,0.0,0.0,0.0,0.0,0.0,0.0,0.0,0.0,0.0,0.0,0.0,0.0,0.0
9,A,Pure biogasoline,CAP_PRD,THS_TY,EA20,0.0,0.0,0.0,0.0,0.0,0.0,0.0,0.0,0.0,0.0,118.0,118.0,272.0,496.0,507.22,819.533,1437.155,1691.105,3199.365,3428.356,3436.156,3328.795,3351.795,3916.795,3438.795,4286.795,4447.184,4555.784,4631.784,4964.848,4980.848,5001.848,4769.784
10,A,Pure biogasoline,CAP_PRD,THS_TY,EE,0.0,0.0,0.0,0.0,0.0,0.0,0.0,0.0,0.0,0.0,0.0,0.0,0.0,0.0,0.0,0.0,0.0,0.0,0.0,0.0,0.0,0.0,0.0,0.0,0.0,0.0,0.0,0.0,0.0,0.0,0.0,0.0,0.0
11,A,Pure biogasoline,CAP_PRD,THS_TY,EL,0.0,0.0,0.0,0.0,0.0,0.0,0.0,0.0,0.0,0.0,0.0,0.0,0.0,0.0,0.0,0.0,0.0,0.0,0.0,0.0,0.0,0.0,0.0,0.0,0.0,0.0,0.0,0.0,0.0,292.064,292.064,292.064,0.0
12,A,Pure biogasoline,CAP_PRD,THS_TY,ES,0.0,0.0,0.0,0.0,0.0,0.0,0.0,0.0,0.0,0.0,118.0,118.0,272.0,272.0,272.0,272.0,464.0,464.0,464.0,464.0,464.0,464.0,464.0,464.0,464.0,464.0,464.0,464.0,464.0,464.0,464.0,464.0,464.0
13,A,Pure biogasoline,CAP_PRD,THS_TY,EU27_2020,0.0,0.0,0.0,0.0,0.0,0.0,0.0,0.0,0.0,0.0,118.0,118.0,272.0,496.0,507.22,866.776,1488.619,2018.0,3815.84,4257.037,4287.762,4185.008,4495.14,5072.84,4567.181,5755.096,5991.809,6137.084,6292.42,6626.428,6660.428,6729.428,6674.364
14,A,Pure biogasoline,CAP_PRD,THS_TY,FI,0.0,0.0,0.0,0.0,0.0,0.0,0.0,0.0,0.0,0.0,0.0,0.0,0.0,0.0,0.0,0.0,0.0,0.0,0.8,3.2,5.0,11.0,15.0,30.0,30.0,40.0,40.0,50.0,50.0,50.0,50.0,50.0,50.0
15,A,Pure biogasoline,CAP_PRD,THS_TY,FR,0.0,0.0,0.0,0.0,0.0,0.0,0.0,0.0,0.0,0.0,0.0,0.0,0.0,219.0,211.0,203.313,301.535,555.485,941.795,1091.795,1091.795,1091.795,1091.795,1091.795,1091.795,1091.795,1614.684,1654.684,1654.684,1654.684,1654.684,1654.684,1654.684
16,A,Pure biogasoline,CAP_PRD,THS_TY,GE,,,,,,,,,,,,,,,,,,,,,,,,0.0,0.0,0.0,0.0,0.0,0.0,0.0,0.0,0.0,0.0
17,A,Pure biogasoline,CAP_PRD,THS_TY,HR,0.0,0.0,0.0,0.0,0.0,0.0,0.0,0.0,0.0,0.0,0.0,0.0,0.0,0.0,0.0,0.0,0.0,0.0,0.0,0.0,0.0,0.0,0.0,0.0,0.0,0.0,0.0,0.0,0.0,0.0,0.0,0.0,0.0
18,A,Pure biogasoline,CAP_PRD,THS_TY,HU,0.0,0.0,0.0,0.0,0.0,0.0,0.0,0.0,0.0,0.0,0.0,0.0,0.0,0.0,0.0,0.0,0.0,0.0,50.0,140.0,140.0,140.0,298.0,300.0,334.0,494.0,499.5,503.7,538.0,539.0,536.0,549.0,772.0
19,A,Pure biogasoline,CAP_PRD,THS_TY,IE,0.0,0.0,0.0,0.0,0.0,0.0,0.0,0.0,0.0,0.0,0.0,0.0,0.0,0.0,0.0,0.0,0.0,0.0,0.0,0.0,0.0,0.0,0.0,0.0,0.0,0.0,0.0,9.6,9.6,9.6,9.6,9.6,9.6
20,A,Pure biogasoline,CAP_PRD,THS_TY,IS,0.0,0.0,0.0,0.0,0.0,0.0,0.0,0.0,0.0,0.0,0.0,0.0,0.0,0.0,0.0,0.0,0.0,0.0,0.0,0.0,0.0,0.0,0.0,0.0,0.0,0.0,0.0,0.0,0.0,0.0,0.0,0.0,
21,A,Pure biogasoline,CAP_PRD,THS_TY,IT,0.0,0.0,0.0,0.0,0.0,0.0,0.0,0.0,0.0,0.0,0.0,0.0,0.0,0.0,0.0,0.0,0.0,0.0,332.0,332.0,332.0,332.0,332.0,332.0,332.0,332.0,332.0,332.0,332.0,332.0,332.0,332.0,332.0
22,A,Pure biogasoline,CAP_PRD,THS_TY,LI,,,,,,,,,,,,,,,,,,,,,,,,,0.0,0.0,0.0,0.0,0.0,0.0,0.0,0.0,0.0
23,A,Pure biogasoline,CAP_PRD,THS_TY,LT,0.0,0.0,0.0,0.0,0.0,0.0,0.0,0.0,0.0,0.0,0.0,0.0,0.0,0.0,8.0,8.0,16.0,17.0,40.0,60.0,60.0,60.0,60.0,60.0,60.0,20.0,20.0,20.0,20.0,20.0,40.0,40.0,40.0
24,A,Pure biogasoline,CAP_PRD,THS_TY,LU,0.0,0.0,0.0,0.0,0.0,0.0,0.0,0.0,0.0,0.0,0.0,0.0,0.0,0.0,0.0,0.0,0.0,0.0,0.0,0.0,0.0,0.0,0.0,0.0,0.0,0.0,0.0,0.0,0.0,0.0,0.0,0.0,0.0
25,A,Pure biogasoline,CAP_PRD,THS_TY,LV,0.0,0.0,0.0,0.0,0.0,0.0,0.0,0.0,0.0,0.0,0.0,0.0,0.0,0.0,0.0,0.0,13.4,13.4,13.4,28.361,28.361,25.0,25.0,19.0,19.0,19.0,19.0,19.0,19.0,19.0,19.0,19.0,19.0
26,A,Pure biogasoline,CAP_PRD,THS_TY,MD,,,,,,,,,,,,,,,,,,,,,0.0,0.0,0.0,0.0,0.0,0.0,0.0,0.0,0.0,0.0,0.0,0.0,0.0
27,A,Pure biogasoline,CAP_PRD,THS_TY,ME,,,,,,,,,,,,,,,,0.0,0.0,0.0,0.0,0.0,0.0,0.0,0.0,0.0,0.0,0.0,0.0,0.0,0.0,0.0,0.0,0.0,0.0
28,A,Pure biogasoline,CAP_PRD,THS_TY,MK,0.0,0.0,0.0,0.0,0.0,0.0,0.0,0.0,0.0,0.0,0.0,0.0,0.0,0.0,0.0,0.0,0.0,0.0,0.0,0.0,0.0,0.0,0.0,0.0,0.0,0.0,0.0,0.0,0.0,0.0,0.0,0.0,0.0
29,A,Pure biogasoline,CAP_PRD,THS_TY,MT,0.0,0.0,0.0,0.0,0.0,0.0,0.0,0.0,0.0,0.0,0.0,0.0,0.0,0.0,0.0,0.0,0.0,0.0,0.0,0.0,0.0,0.0,0.0,0.0,0.0,0.0,0.0,0.0,0.0,0.0,0.0,0.0,0.0
30,A,Pure biogasoline,CAP_PRD,THS_TY,NL,0.0,0.0,0.0,0.0,0.0,0.0,0.0,0.0,0.0,0.0,0.0,0.0,0.0,0.0,11.22,11.22,11.22,11.22,11.22,0.0,0.0,0.0,0.0,503.0,0.0,821.0,421.0,468.0,592.0,617.0,589.0,598.0,625.0
31,A,Pure biogasoline,CAP_PRD,THS_TY,NO,0.0,0.0,0.0,0.0,0.0,0.0,0.0,0.0,0.0,0.0,0.0,0.0,0.0,0.0,0.0,0.0,0.0,0.0,0.0,0.0,0.0,0.0,0.0,0.0,0.0,0.0,0.0,0.0,0.0,0.0,0.0,0.0,0.0
32,A,Pure biogasoline,CAP_PRD,THS_TY,PL,0.0,0.0,0.0,0.0,0.0,0.0,0.0,0.0,0.0,0.0,0.0,0.0,0.0,0.0,0.0,0.0,0.0,249.2,321.3,394.8,394.8,406.0,408.8,397.6,365.4,507.5,600.6,600.6,636.636,636.58,657.58,692.58,643.58
33,A,Pure biogasoline,CAP_PRD,THS_TY,PT,0.0,0.0,0.0,0.0,0.0,0.0,0.0,0.0,0.0,0.0,0.0,0.0,0.0,0.0,0.0,0.0,0.0,0.0,0.0,0.0,0.0,0.0,0.0,0.0,0.0,0.0,0.0,0.0,0.0,0.0,0.0,0.0,0.0
34,A,Pure biogasoline,CAP_PRD,THS_TY,RO,0.0,0.0,0.0,0.0,0.0,0.0,0.0,0.0,0.0,0.0,0.0,0.0,0.0,0.0,0.0,0.0,0.0,0.0,0.0,0.0,0.0,0.0,89.0,89.0,89.0,80.0,80.0,80.0,80.0,80.0,80.0,80.0,80.0
35,A,Pure biogasoline,CAP_PRD,THS_TY,RS,0.0,0.0,0.0,0.0,0.0,0.0,0.0,0.0,0.0,0.0,0.0,0.0,0.0,0.0,0.0,0.0,0.0,0.0,0.0,0.0,0.0,0.0,0.0,0.0,0.0,0.0,0.0,0.0,0.0,0.0,0.0,0.0,0.0
36,A,Pure biogasoline,CAP_PRD,THS_TY,SE,0.0,0.0,0.0,0.0,0.0,0.0,0.0,0.0,0.0,0.0,0.0,0.0,0.0,0.0,0.0,47.243,49.674,51.186,55.175,133.881,156.806,150.213,187.545,187.545,155.986,200.801,177.525,190.0,199.0,199.0,199.0,199.0,199.0
37,A,Pure biogasoline,CAP_PRD,THS_TY,SI,0.0,0.0,0.0,0.0,0.0,0.0,0.0,0.0,0.0,0.0,0.0,0.0,0.0,0.0,0.0,0.0,0.0,0.0,0.0,0.0,0.0,0.0,0.0,0.0,0.0,0.0,0.0,0.0,0.0,0.0,0.0,0.0,0.0
38,A,Pure biogasoline,CAP_PRD,THS_TY,SK,0.0,0.0,0.0,0.0,0.0,0.0,0.0,0.0,0.0,0.0,0.0,0.0,0.0,0.0,0.0,0.0,0.0,0.0,95.15,95.0,98.0,106.0,103.0,120.0,106.0,112.0,118.0,118.0,126.0,142.0,142.0,142.0,142.0
39,A,Pure biogasoline,CAP_PRD,THS_TY,TR,0.0,0.0,0.0,0.0,0.0,0.0,0.0,0.0,0.0,0.0,0.0,0.0,0.0,0.0,0.0,0.0,0.0,0.0,0.0,0.0,0.0,0.0,0.0,0.0,0.0,0.0,0.0,0.0,0.0,0.0,0.0,0.0,0.0
40,A,Pure biogasoline,CAP_PRD,THS_TY,UA,0.0,0.0,0.0,0.0,0.0,0.0,0.0,0.0,0.0,0.0,0.0,0.0,0.0,0.0,0.0,0.0,0.0,0.0,0.0,0.0,0.0,0.0,0.0,0.0,0.0,0.0,0.0,0.0,70.0,70.0,0.0,,
41,A,Pure biogasoline,CAP_PRD,THS_TY,UK,0.0,0.0,0.0,0.0,0.0,0.0,0.0,0.0,0.0,0.0,0.0,0.0,0.0,0.0,0.0,0.0,0.0,55.301,55.58,59.55,374.768,374.768,710.63,718.572,718.572,714.602,722.542,722.542,718.572,718.572,,,
42,A,Pure biogasoline,CAP_PRD,THS_TY,XK,,,,,,,,,,,0.0,0.0,0.0,0.0,0.0,0.0,0.0,0.0,0.0,0.0,0.0,0.0,0.0,0.0,0.0,0.0,0.0,0.0,0.0,0.0,0.0,0.0,0.0
43,A,Pure biodiesels,CAP_PRD,THS_TY,AL,0.0,0.0,0.0,0.0,0.0,0.0,0.0,0.0,0.0,0.0,0.0,0.0,0.0,0.0,0.0,0.0,0.0,0.0,0.0,0.0,0.0,0.0,0.0,0.0,0.0,0.0,0.0,0.0,0.0,0.0,0.0,200.0,200.0
44,A,Pure biodiesels,CAP_PRD,THS_TY,AT,28.0,28.0,28.0,28.0,28.0,28.0,28.0,28.0,28.0,28.0,28.0,28.0,28.0,28.0,110.0,110.0,190.0,340.0,560.0,655.0,645.5,645.5,645.5,645.5,645.5,645.5,645.5,645.5,645.5,645.5,645.5,645.5,645.5
45,A,Pure biodiesels,CAP_PRD,THS_TY,BA,,,,,,,,,,,,,,,,,,,,,,,,,0.0,0.0,0.0,0.0,0.0,0.0,0.0,0.0,0.0
46,A,Pure biodiesels,CAP_PRD,THS_TY,BE,0.0,0.0,0.0,0.0,0.0,0.0,0.0,0.0,0.0,0.0,0.0,0.0,0.0,0.0,0.0,0.0,0.0,0.0,665.0,665.0,665.0,665.0,665.0,665.0,665.0,450.0,450.0,450.0,450.0,450.0,450.0,450.0,450.0
47,A,Pure biodiesels,CAP_PRD,THS_TY,BG,0.0,0.0,0.0,0.0,0.0,0.0,0.0,0.0,0.0,0.0,0.0,0.0,0.0,0.0,0.0,0.0,0.0,0.0,198.0,191.76,192.6,93.738,63.738,63.738,163.738,160.0,160.0,160.0,160.0,180.0,180.0,260.0,268.0
48,A,Pure biodiesels,CAP_PRD,THS_TY,CY,0.0,0.0,0.0,0.0,0.0,0.0,0.0,0.0,0.0,0.0,0.0,0.0,0.0,0.0,0.0,0.0,0.0,7.04,14.08,14.08,14.08,14.08,14.08,14.08,14.08,14.08,5.0,5.0,5.0,5.0,0.0,0.0,0.0
49,A,Pure biodiesels,CAP_PRD,THS_TY,CZ,0.0,0.0,3.5,6.55,33.5,58.0,62.5,62.5,62.5,67.5,111.55,111.55,114.43,198.075,202.0,194.5,194.5,346.0,333.0,420.0,420.0,420.0,420.0,420.0,420.0,420.0,420.0,420.0,420.0,420.0,420.0,420.0,420.0
50,A,Pure biodiesels,CAP_PRD,THS_TY,DE,0.0,2.0,5.0,7.0,38.0,47.0,75.0,122.0,136.0,176.0,339.0,491.0,576.0,995.0,1084.0,1772.0,2676.0,4098.0,4039.0,4050.0,4694.0,4494.0,4296.0,4308.0,4161.0,4212.0,4125.0,4153.0,4279.0,4171.0,3793.0,4120.0,4151.0
51,A,Pure biodiesels,CAP_PRD,THS_TY,DK,0.0,0.0,0.0,0.0,0.0,0.0,0.0,0.0,0.0,0.0,0.0,0.0,0.0,0.0,0.0,0.0,0.0,0.0,0.0,0.0,0.0,0.0,0.0,0.0,0.0,0.0,0.0,0.0,0.0,0.0,0.0,0.0,0.0
52,A,Pure biodiesels,CAP_PRD,THS_TY,EA20,28.0,30.0,33.0,35.0,66.0,75.0,103.0,150.0,164.0,204.0,367.0,581.649,696.0,1548.75,1828.0,2970.562,4619.546,10067.325,13926.677,17618.892,19128.659,19586.306,18812.165,19523.892,19503.299,19487.119,18612.246,18856.051,19030.651,19003.651,18764.05,19365.65,18178.802
53,A,Pure biodiesels,CAP_PRD,THS_TY,EE,0.0,0.0,0.0,0.0,0.0,0.0,0.0,0.0,0.0,0.0,0.0,0.0,0.0,0.0,0.0,0.0,0.0,0.0,0.0,0.0,0.0,0.0,0.0,0.0,0.0,0.0,0.0,0.0,0.0,0.0,0.0,0.0,0.0
54,A,Pure biodiesels,CAP_PRD,THS_TY,EL,0.0,0.0,0.0,0.0,0.0,0.0,0.0,0.0,0.0,0.0,0.0,0.0,0.0,0.0,0.0,0.0,395.0,575.0,575.0,575.0,900.0,746.808,746.808,980.535,973.104,993.924,993.924,1045.449,1045.449,1045.449,1135.448,1135.448,0.0
55,A,Pure biodiesels,CAP_PRD,THS_TY,ES,0.0,0.0,0.0,0.0,0.0,0.0,0.0,0.0,0.0,0.0,0.0,0.0,30.0,120.0,179.0,255.0,403.0,946.0,1681.0,4272.0,4286.0,4341.0,3762.0,4243.0,4237.0,4237.0,4237.0,4237.0,4237.0,4237.0,4237.0,4237.0,4237.0
56,A,Pure biodiesels,CAP_PRD,THS_TY,EU27_2020,28.0,30.0,36.5,41.55,99.5,133.0,165.5,212.5,226.5,271.5,478.55,693.199,810.43,1746.825,2030.0,3173.357,4837.372,10873.51,15343.478,19103.177,20815.97,21161.491,20860.707,21448.234,21581.189,21884.531,20717.596,21128.969,21809.254,21812.254,21870.931,22845.013,21698.02
57,A,Pure biodiesels,CAP_PRD,THS_TY,FI,0.0,0.0,0.0,0.0,0.0,0.0,0.0,0.0,0.0,0.0,0.0,0.0,0.0,0.0,0.0,0.0,0.0,190.0,380.0,380.0,380.0,380.0,380.0,380.0,380.0,480.0,480.0,490.0,500.0,500.0,500.0,600.0,600.0
58,A,Pure biodiesels,CAP_PRD,THS_TY,FR,0.0,0.0,0.0,0.0,0.0,0.0,0.0,0.0,0.0,0.0,0.0,0.0,0.0,375.0,395.0,612.862,623.046,1028.255,2094.955,2254.955,2759.955,2759.955,2759.955,2759.955,2759.955,2759.955,2305.0,2305.0,2305.0,2305.0,2305.0,2305.0,2305.0
59,A,Pure biodiesels,CAP_PRD,THS_TY,GE,,,,,,,,,,,,,,,,,,,,,,,,0.0,0.0,0.0,0.0,0.0,0.0,0.3,0.3,0.3,0.3
60,A,Pure biodiesels,CAP_PRD,THS_TY,HR,0.0,0.0,0.0,0.0,0.0,0.0,0.0,0.0,0.0,0.0,0.0,0.0,0.0,0.0,0.0,0.0,0.0,29.0,61.0,61.0,64.0,64.0,69.0,69.0,63.838,63.838,41.0,41.0,41.0,41.0,41.0,41.0,41.0
61,A,Pure biodiesels,CAP_PRD,THS_TY,HU,0.0,0.0,0.0,0.0,0.0,0.0,0.0,0.0,0.0,0.0,0.0,0.0,0.0,0.0,0.0,0.0,11.0,11.0,150.0,189.0,189.0,189.0,150.0,150.0,150.0,150.0,157.0,172.0,180.0,180.0,180.0,180.0,220.0
62,A,Pure biodiesels,CAP_PRD,THS_TY,IE,0.0,0.0,0.0,0.0,0.0,0.0,0.0,0.0,0.0,0.0,0.0,0.0,0.0,0.0,0.0,0.0,0.0,0.0,0.0,0.0,42.37,34.32,29.92,29.92,29.92,29.92,29.92,53.2,53.2,53.2,79.6,141.2,162.8
63,A,Pure biodiesels,CAP_PRD,THS_TY,IS,0.0,0.0,0.0,0.0,0.0,0.0,0.0,0.0,0.0,0.0,0.0,0.0,0.0,0.0,0.0,0.0,0.0,0.0,0.0,0.0,0.0,0.015,0.067,0.073,0.073,0.0,0.0,0.0,0.0,0.0,0.0,0.0,
64,A,Pure biodiesels,CAP_PRD,THS_TY,IT,0.0,0.0,0.0,0.0,0.0,0.0,0.0,0.0,0.0,0.0,0.0,0.0,0.0,0.0,0.0,0.0,0.0,1916.89,2257.0,2212.194,2212.194,2212.194,2212.194,2212.194,2212.194,2212.194,2212.194,2212.194,2212.194,2212.194,2212.194,2212.194,2212.194
65,A,Pure biodiesels,CAP_PRD,THS_TY,LI,,,,,,,,,,,,,,,,,,,,,,,,,0.0,0.0,0.0,0.0,0.0,0.0,0.0,0.0,0.0
66,A,Pure biodiesels,CAP_PRD,THS_TY,LT,0.0,0.0,0.0,0.0,0.0,0.0,0.0,0.0,0.0,0.0,0.0,0.0,0.0,0.0,30.0,30.0,30.0,146.7,150.0,150.0,150.0,150.0,140.0,140.0,140.0,140.0,140.0,140.0,156.0,195.0,195.0,195.0,195.0
67,A,Pure biodiesels,CAP_PRD,THS_TY,LU,0.0,0.0,0.0,0.0,0.0,0.0,0.0,0.0,0.0,0.0,0.0,0.0,0.0,0.0,0.0,0.0,0.0,0.0,0.0,0.0,0.0,0.0,0.0,0.0,0.0,0.0,0.0,0.0,0.0,0.0,0.0,0.0,0.0
68,A,Pure biodiesels,CAP_PRD,THS_TY,LV,0.0,0.0,0.0,0.0,0.0,0.0,0.0,0.0,0.0,0.0,0.0,0.0,0.0,0.0,0.0,11.0,13.5,13.5,144.6,175.321,210.111,173.0,173.0,173.0,173.0,173.0,173.0,173.0,173.0,173.0,173.0,173.0,173.0
69,A,Pure biodiesels,CAP_PRD,THS_TY,MD,,,,,,,,,,,,,,,,,,,,,0.0,0.0,0.0,0.0,0.0,0.0,0.0,0.0,0.0,0.0,0.0,0.0,0.0
70,A,Pure biodiesels,CAP_PRD,THS_TY,ME,,,,,,,,,,,,,,,,0.0,0.0,0.0,0.0,0.0,0.0,0.0,0.0,0.0,0.0,0.0,0.0,0.0,0.0,0.0,0.0,0.0,0.0
71,A,Pure biodiesels,CAP_PRD,THS_TY,MK,0.0,0.0,0.0,0.0,0.0,0.0,0.0,0.0,0.0,0.0,0.0,0.0,0.0,0.0,0.0,0.0,0.0,20.0,20.0,20.0,20.0,20.0,20.0,20.0,20.0,20.0,20.0,20.0,20.0,20.0,20.0,20.0,20.0
72,A,Pure biodiesels,CAP_PRD,THS_TY,MT,0.0,0.0,0.0,0.0,0.0,0.0,0.0,0.0,0.0,0.0,0.0,0.0,0.0,0.0,0.0,0.0,0.0,0.0,0.0,0.0,1.107,1.107,1.4,1.4,1.4,1.4,1.4,1.4,0.0,0.0,0.0,0.0,0.0
73,A,Pure biodiesels,CAP_PRD,THS_TY,NL,0.0,0.0,0.0,0.0,0.0,0.0,0.0,0.0,0.0,0.0,0.0,0.0,0.0,0.0,0.0,0.0,70.0,189.0,520.0,1323.0,1306.0,2030.0,2051.0,2014.0,2196.0,2176.0,1927.0,2058.0,2082.0,2124.0,2141.0,2269.0,2165.0
74,A,Pure biodiesels,CAP_PRD,THS_TY,NO,0.0,0.0,0.0,0.0,0.0,0.0,0.0,0.0,0.0,0.0,0.0,0.0,0.0,0.0,0.0,0.0,0.0,0.0,0.0,0.0,0.0,0.0,0.0,0.0,0.0,0.0,120.0,120.0,120.0,120.0,120.0,120.0,120.0
75,A,Pure biodiesels,CAP_PRD,THS_TY,PL,0.0,0.0,0.0,0.0,0.0,0.0,0.0,0.0,0.0,0.0,0.0,0.0,0.0,0.0,0.0,0.0,0.0,428.4,620.1,565.2,755.1,755.1,922.5,798.3,876.6,1157.4,1035.9,1188.918,1368.603,1368.603,1576.881,1869.363,1861.218
76,A,Pure biodiesels,CAP_PRD,THS_TY,PT,0.0,0.0,0.0,0.0,0.0,0.0,0.0,0.0,0.0,0.0,0.0,0.0,0.0,0.0,0.0,120.0,117.5,461.74,580.342,630.342,630.342,682.342,721.308,721.308,721.308,721.308,721.308,721.308,721.308,721.308,721.308,721.308,721.308
77,A,Pure biodiesels,CAP_PRD,THS_TY,RO,0.0,0.0,0.0,0.0,0.0,0.0,0.0,0.0,0.0,0.0,0.0,0.0,0.0,0.0,0.0,0.0,0.0,0.0,0.0,0.0,0.0,0.0,206.5,206.5,206.5,200.0,200.0,200.0,200.0,210.0,300.0,300.0,300.0
78,A,Pure biodiesels,CAP_PRD,THS_TY,RS,0.0,0.0,0.0,0.0,0.0,0.0,0.0,0.0,0.0,0.0,0.0,0.0,0.0,0.0,0.0,0.0,0.0,0.0,0.0,0.0,0.0,0.0,0.0,0.0,0.0,0.0,0.0,0.0,0.0,0.0,0.0,0.0,0.0
79,A,Pure biodiesels,CAP_PRD,THS_TY,SE,0.0,0.0,0.0,0.0,0.0,0.0,0.0,0.0,0.0,0.0,0.0,0.0,0.0,0.0,0.0,8.295,12.326,20.785,115.701,118.325,130.611,117.347,285.804,285.804,261.052,310.012,132.45,132.0,450.0,450.0,450.0,450.0,450.0
80,A,Pure biodiesels,CAP_PRD,THS_TY,SI,0.0,0.0,0.0,0.0,0.0,0.0,0.0,0.0,0.0,0.0,0.0,0.0,0.0,0.0,0.0,0.0,25.0,25.0,25.0,25.0,25.0,25.0,25.0,25.0,0.0,0.0,0.0,0.0,0.0,0.0,0.0,0.0,0.0
81,A,Pure biodiesels,CAP_PRD,THS_TY,SK,0.0,0.0,0.0,0.0,0.0,0.0,0.0,0.0,0.0,0.0,0.0,62.649,62.0,30.75,30.0,59.7,76.5,101.2,179.7,176.0,143.0,168.0,120.0,142.0,130.0,177.0,125.0,125.0,125.0,125.0,135.0,120.0,120.0
82,A,Pure biodiesels,CAP_PRD,THS_TY,TR,0.0,0.0,0.0,0.0,0.0,0.0,0.0,0.0,0.0,0.0,0.0,0.0,0.0,0.0,0.0,0.0,166.112,1071.363,1065.924,918.199,812.2,561.217,457.476,0.0,0.0,0.0,0.0,0.0,0.0,0.0,0.0,0.0,0.0
83,A,Pure biodiesels,CAP_PRD,THS_TY,UA,0.0,0.0,0.0,0.0,0.0,0.0,0.0,0.0,0.0,0.0,0.0,0.0,0.0,0.0,0.0,0.0,0.0,0.0,0.0,0.0,0.0,0.0,0.0,0.0,0.0,0.0,0.0,0.0,0.0,0.0,0.0,,
84,A,Pure biodiesels,CAP_PRD,THS_TY,UK,0.0,0.0,0.0,0.0,0.0,0.0,0.0,0.0,0.0,0.0,0.0,0.0,0.0,0.0,0.0,0.0,532.383,700.458,718.057,676.4,507.3,504.63,516.2,528.838,438.569,290.695,481.167,608.669,579.752,613.43,,,
85,A,Pure biodiesels,CAP_PRD,THS_TY,XK,,,,,,,,,,,0.0,0.0,0.0,0.0,0.0,0.0,0.0,0.0,0.0,0.0,0.0,0.0,0.0,0.0,0.0,0.0,0.0,0.0,0.0,0.0,0.0,0.0,0.0
86,A,Pure bio jet kerosene,CAP_PRD,THS_TY,AL,0.0,0.0,0.0,0.0,0.0,0.0,0.0,0.0,0.0,0.0,0.0,0.0,0.0,0.0,0.0,0.0,0.0,0.0,0.0,0.0,0.0,0.0,0.0,0.0,0.0,0.0,0.0,0.0,0.0,0.0,0.0,0.0,0.0
87,A,Pure bio jet kerosene,CAP_PRD,THS_TY,AT,0.0,0.0,0.0,0.0,0.0,0.0,0.0,0.0,0.0,0.0,0.0,0.0,0.0,0.0,0.0,0.0,0.0,0.0,0.0,0.0,0.0,0.0,0.0,0.0,0.0,0.0,0.0,0.0,0.0,0.0,0.0,0.0,0.0
88,A,Pure bio jet kerosene,CAP_PRD,THS_TY,BA,,,,,,,,,,,,,,,,,,,,,,,,,0.0,0.0,0.0,0.0,0.0,0.0,0.0,0.0,0.0
89,A,Pure bio jet kerosene,CAP_PRD,THS_TY,BE,0.0,0.0,0.0,0.0,0.0,0.0,0.0,0.0,0.0,0.0,0.0,0.0,0.0,0.0,0.0,0.0,0.0,0.0,0.0,0.0,0.0,0.0,0.0,0.0,0.0,0.0,0.0,0.0,0.0,0.0,0.0,0.0,0.0
90,A,Pure bio jet kerosene,CAP_PRD,THS_TY,BG,0.0,0.0,0.0,0.0,0.0,0.0,0.0,0.0,0.0,0.0,0.0,0.0,0.0,0.0,0.0,0.0,0.0,0.0,0.0,0.0,0.0,0.0,0.0,0.0,0.0,0.0,0.0,0.0,0.0,0.0,0.0,0.0,0.0
91,A,Pure bio jet kerosene,CAP_PRD,THS_TY,CY,0.0,0.0,0.0,0.0,0.0,0.0,0.0,0.0,0.0,0.0,0.0,0.0,0.0,0.0,0.0,0.0,0.0,0.0,0.0,0.0,0.0,0.0,0.0,0.0,0.0,0.0,0.0,0.0,0.0,0.0,0.0,0.0,0.0
92,A,Pure bio jet kerosene,CAP_PRD,THS_TY,CZ,0.0,0.0,0.0,0.0,0.0,0.0,0.0,0.0,0.0,0.0,0.0,0.0,0.0,0.0,0.0,0.0,0.0,0.0,0.0,0.0,0.0,0.0,0.0,0.0,0.0,0.0,0.0,0.0,0.0,0.0,0.0,0.0,0.0
93,A,Pure bio jet kerosene,CAP_PRD,THS_TY,DE,0.0,0.0,0.0,0.0,0.0,0.0,0.0,0.0,0.0,0.0,0.0,0.0,0.0,0.0,0.0,0.0,0.0,0.0,0.0,0.0,0.0,0.0,0.0,0.0,0.0,0.0,0.0,0.0,0.0,0.0,0.0,0.0,0.0
94,A,Pure bio jet kerosene,CAP_PRD,THS_TY,DK,0.0,0.0,0.0,0.0,0.0,0.0,0.0,0.0,0.0,0.0,0.0,0.0,0.0,0.0,0.0,0.0,0.0,0.0,0.0,0.0,0.0,0.0,0.0,0.0,0.0,0.0,0.0,0.0,0.0,0.0,0.0,0.0,0.0
95,A,Pure bio jet kerosene,CAP_PRD,THS_TY,EA20,0.0,0.0,0.0,0.0,0.0,0.0,0.0,0.0,0.0,0.0,0.0,0.0,0.0,0.0,0.0,0.0,0.0,0.0,0.0,0.0,0.0,1.0,0.0,0.0,0.0,1.0,1.0,1.0,7.0,24.0,44.0,89.0,200.0
96,A,Pure bio jet kerosene,CAP_PRD,THS_TY,EE,0.0,0.0,0.0,0.0,0.0,0.0,0.0,0.0,0.0,0.0,0.0,0.0,0.0,0.0,0.0,0.0,0.0,0.0,0.0,0.0,0.0,0.0,0.0,0.0,0.0,0.0,0.0,0.0,0.0,0.0,0.0,0.0,0.0
97,A,Pure bio jet kerosene,CAP_PRD,THS_TY,EL,0.0,0.0,0.0,0.0,0.0,0.0,0.0,0.0,0.0,0.0,0.0,0.0,0.0,0.0,0.0,0.0,0.0,0.0,0.0,0.0,0.0,0.0,0.0,0.0,0.0,0.0,0.0,0.0,0.0,0.0,0.0,0.0,0.0
98,A,Pure bio jet kerosene,CAP_PRD,THS_TY,ES,0.0,0.0,0.0,0.0,0.0,0.0,0.0,0.0,0.0,0.0,0.0,0.0,0.0,0.0,0.0,0.0,0.0,0.0,0.0,0.0,0.0,0.0,0.0,0.0,0.0,0.0,0.0,0.0,0.0,0.0,0.0,0.0,0.0
99,A,Pure bio jet kerosene,CAP_PRD,THS_TY,EU27_2020,0.0,0.0,0.0,0.0,0.0,0.0,0.0,0.0,0.0,0.0,0.0,0.0,0.0,0.0,0.0,0.0,0.0,0.0,0.0,0.0,0.0,1.0,0.0,0.0,0.0,1.0,1.0,1.0,7.0,24.0,44.0,89.0,200.0
100,A,Pure bio jet kerosene,CAP_PRD,THS_TY,FI,0.0,0.0,0.0,0.0,0.0,0.0,0.0,0.0,0.0,0.0,0.0,0.0,0.0,0.0,0.0,0.0,0.0,0.0,0.0,0.0,0.0,1.0,0.0,0.0,0.0,1.0,1.0,1.0,7.0,24.0,44.0,89.0,200.0
101,A,Pure bio jet kerosene,CAP_PRD,THS_TY,FR,0.0,0.0,0.0,0.0,0.0,0.0,0.0,0.0,0.0,0.0,0.0,0.0,0.0,0.0,0.0,0.0,0.0,0.0,0.0,0.0,0.0,0.0,0.0,0.0,0.0,0.0,0.0,0.0,0.0,0.0,0.0,0.0,0.0
102,A,Pure bio jet kerosene,CAP_PRD,THS_TY,GE,,,,,,,,,,,,,,,,,,,,,,,,0.0,0.0,0.0,0.0,0.0,0.0,0.0,0.0,0.0,0.0
103,A,Pure bio jet kerosene,CAP_PRD,THS_TY,HR,0.0,0.0,0.0,0.0,0.0,0.0,0.0,0.0,0.0,0.0,0.0,0.0,0.0,0.0,0.0,0.0,0.0,0.0,0.0,0.0,0.0,0.0,0.0,0.0,0.0,0.0,0.0,0.0,0.0,0.0,0.0,0.0,0.0
104,A,Pure bio jet kerosene,CAP_PRD,THS_TY,HU,0.0,0.0,0.0,0.0,0.0,0.0,0.0,0.0,0.0,0.0,0.0,0.0,0.0,0.0,0.0,0.0,0.0,0.0,0.0,0.0,0.0,0.0,0.0,0.0,0.0,0.0,0.0,0.0,0.0,0.0,0.0,0.0,0.0
105,A,Pure bio jet kerosene,CAP_PRD,THS_TY,IE,0.0,0.0,0.0,0.0,0.0,0.0,0.0,0.0,0.0,0.0,0.0,0.0,0.0,0.0,0.0,0.0,0.0,0.0,0.0,0.0,0.0,0.0,0.0,0.0,0.0,0.0,0.0,0.0,0.0,0.0,0.0,0.0,0.0
106,A,Pure bio jet kerosene,CAP_PRD,THS_TY,IS,0.0,0.0,0.0,0.0,0.0,0.0,0.0,0.0,0.0,0.0,0.0,0.0,0.0,0.0,0.0,0.0,0.0,0.0,0.0,0.0,0.0,0.0,0.0,0.0,0.0,0.0,0.0,0.0,0.0,0.0,0.0,0.0,
107,A,Pure bio jet kerosene,CAP_PRD,THS_TY,IT,0.0,0.0,0.0,0.0,0.0,0.0,0.0,0.0,0.0,0.0,0.0,0.0,0.0,0.0,0.0,0.0,0.0,0.0,0.0,0.0,0.0,0.0,0.0,0.0,0.0,0.0,0.0,0.0,0.0,0.0,0.0,0.0,0.0
108,A,Pure bio jet kerosene,CAP_PRD,THS_TY,LI,,,,,,,,,,,,,,,,,,,,,,,,,0.0,0.0,0.0,0.0,0.0,0.0,0.0,0.0,0.0
109,A,Pure bio jet kerosene,CAP_PRD,THS_TY,LT,0.0,0.0,0.0,0.0,0.0,0.0,0.0,0.0,0.0,0.0,0.0,0.0,0.0,0.0,0.0,0.0,0.0,0.0,0.0,0.0,0.0,0.0,0.0,0.0,0.0,0.0,0.0,0.0,0.0,0.0,0.0,0.0,0.0
110,A,Pure bio jet kerosene,CAP_PRD,THS_TY,LU,0.0,0.0,0.0,0.0,0.0,0.0,0.0,0.0,0.0,0.0,0.0,0.0,0.0,0.0,0.0,0.0,0.0,0.0,0.0,0.0,0.0,0.0,0.0,0.0,0.0,0.0,0.0,0.0,0.0,0.0,0.0,0.0,0.0
111,A,Pure bio jet kerosene,CAP_PRD,THS_TY,LV,0.0,0.0,0.0,0.0,0.0,0.0,0.0,0.0,0.0,0.0,0.0,0.0,0.0,0.0,0.0,0.0,0.0,0.0,0.0,0.0,0.0,0.0,0.0,0.0,0.0,0.0,0.0,0.0,0.0,0.0,0.0,0.0,0.0
112,A,Pure bio jet kerosene,CAP_PRD,THS_TY,MD,,,,,,,,,,,,,,,,,,,,,0.0,0.0,0.0,0.0,0.0,0.0,0.0,0.0,0.0,0.0,0.0,0.0,0.0
113,A,Pure bio jet kerosene,CAP_PRD,THS_TY,ME,,,,,,,,,,,,,,,,0.0,0.0,0.0,0.0,0.0,0.0,0.0,0.0,0.0,0.0,0.0,0.0,0.0,0.0,0.0,0.0,0.0,0.0
114,A,Pure bio jet kerosene,CAP_PRD,THS_TY,MK,0.0,0.0,0.0,0.0,0.0,0.0,0.0,0.0,0.0,0.0,0.0,0.0,0.0,0.0,0.0,0.0,0.0,0.0,0.0,0.0,0.0,0.0,0.0,0.0,0.0,0.0,0.0,0.0,0.0,0.0,0.0,0.0,0.0
115,A,Pure bio jet kerosene,CAP_PRD,THS_TY,MT,0.0,0.0,0.0,0.0,0.0,0.0,0.0,0.0,0.0,0.0,0.0,0.0,0.0,0.0,0.0,0.0,0.0,0.0,0.0,0.0,0.0,0.0,0.0,0.0,0.0,0.0,0.0,0.0,0.0,0.0,0.0,0.0,0.0
116,A,Pure bio jet kerosene,CAP_PRD,THS_TY,NL,0.0,0.0,0.0,0.0,0.0,0.0,0.0,0.0,0.0,0.0,0.0,0.0,0.0,0.0,0.0,0.0,0.0,0.0,0.0,0.0,0.0,0.0,0.0,0.0,0.0,0.0,0.0,0.0,0.0,0.0,0.0,0.0,0.0
117,A,Pure bio jet kerosene,CAP_PRD,THS_TY,NO,0.0,0.0,0.0,0.0,0.0,0.0,0.0,0.0,0.0,0.0,0.0,0.0,0.0,0.0,0.0,0.0,0.0,0.0,0.0,0.0,0.0,0.0,0.0,0.0,0.0,0.0,0.0,0.0,0.0,0.0,0.0,0.0,0.0
118,A,Pure bio jet kerosene,CAP_PRD,THS_TY,PL,0.0,0.0,0.0,0.0,0.0,0.0,0.0,0.0,0.0,0.0,0.0,0.0,0.0,0.0,0.0,0.0,0.0,0.0,0.0,0.0,0.0,0.0,0.0,0.0,0.0,0.0,0.0,0.0,0.0,0.0,0.0,0.0,0.0
119,A,Pure bio jet kerosene,CAP_PRD,THS_TY,PT,0.0,0.0,0.0,0.0,0.0,0.0,0.0,0.0,0.0,0.0,0.0,0.0,0.0,0.0,0.0,0.0,0.0,0.0,0.0,0.0,0.0,0.0,0.0,0.0,0.0,0.0,0.0,0.0,0.0,0.0,0.0,0.0,0.0
120,A,Pure bio jet kerosene,CAP_PRD,THS_TY,RO,0.0,0.0,0.0,0.0,0.0,0.0,0.0,0.0,0.0,0.0,0.0,0.0,0.0,0.0,0.0,0.0,0.0,0.0,0.0,0.0,0.0,0.0,0.0,0.0,0.0,0.0,0.0,0.0,0.0,0.0,0.0,0.0,
121,A,Pure bio jet kerosene,CAP_PRD,THS_TY,RS,0.0,0.0,0.0,0.0,0.0,0.0,0.0,0.0,0.0,0.0,0.0,0.0,0.0,0.0,0.0,0.0,0.0,0.0,0.0,0.0,0.0,0.0,0.0,0.0,0.0,0.0,0.0,0.0,0.0,0.0,0.0,0.0,0.0
122,A,Pure bio jet kerosene,CAP_PRD,THS_TY,SE,0.0,0.0,0.0,0.0,0.0,0.0,0.0,0.0,0.0,0.0,0.0,0.0,0.0,0.0,0.0,0.0,0.0,0.0,0.0,0.0,0.0,0.0,0.0,0.0,0.0,0.0,0.0,0.0,0.0,0.0,0.0,0.0,0.0
123,A,Pure bio jet kerosene,CAP_PRD,THS_TY,SI,0.0,0.0,0.0,0.0,0.0,0.0,0.0,0.0,0.0,0.0,0.0,0.0,0.0,0.0,0.0,0.0,0.0,0.0,0.0,0.0,0.0,0.0,0.0,0.0,0.0,0.0,0.0,0.0,0.0,0.0,0.0,0.0,0.0
124,A,Pure bio jet kerosene,CAP_PRD,THS_TY,SK,0.0,0.0,0.0,0.0,0.0,0.0,0.0,0.0,0.0,0.0,0.0,0.0,0.0,0.0,0.0,0.0,0.0,0.0,0.0,0.0,0.0,0.0,0.0,0.0,0.0,0.0,0.0,0.0,0.0,0.0,0.0,0.0,0.0
125,A,Pure bio jet kerosene,CAP_PRD,THS_TY,TR,0.0,0.0,0.0,0.0,0.0,0.0,0.0,0.0,0.0,0.0,0.0,0.0,0.0,0.0,0.0,0.0,0.0,0.0,0.0,0.0,0.0,0.0,0.0,0.0,0.0,0.0,0.0,0.0,0.0,0.0,0.0,0.0,0.0
126,A,Pure bio jet kerosene,CAP_PRD,THS_TY,UA,0.0,0.0,0.0,0.0,0.0,0.0,0.0,0.0,0.0,0.0,0.0,0.0,0.0,0.0,0.0,0.0,0.0,0.0,0.0,0.0,0.0,0.0,0.0,0.0,0.0,0.0,0.0,0.0,0.0,0.0,0.0,,
127,A,Pure bio jet kerosene,CAP_PRD,THS_TY,UK,0.0,0.0,0.0,0.0,0.0,0.0,0.0,0.0,0.0,0.0,0.0,0.0,0.0,0.0,0.0,0.0,0.0,0.0,0.0,0.0,0.0,0.0,0.0,0.0,0.0,0.0,0.0,0.0,0.0,0.0,,,
128,A,Pure bio jet kerosene,CAP_PRD,THS_TY,XK,,,,,,,,,,,0.0,0.0,0.0,0.0,0.0,0.0,0.0,0.0,0.0,0.0,0.0,0.0,0.0,0.0,0.0,0.0,0.0,0.0,0.0,0.0,0.0,0.0,0.0
129,A,Other liquid biofuels,CAP_PRD,THS_TY,AL,0.0,0.0,0.0,0.0,0.0,0.0,0.0,0.0,0.0,0.0,0.0,0.0,0.0,0.0,0.0,0.0,0.0,0.0,0.0,0.0,0.0,0.0,0.0,0.0,0.0,0.0,0.0,0.0,0.0,0.0,0.0,0.0,0.0
130,A,Other liquid biofuels,CAP_PRD,THS_TY,AT,28.0,28.0,28.0,28.0,28.0,28.0,28.0,28.0,28.0,28.0,28.0,28.0,28.0,28.0,110.0,110.0,190.0,340.0,560.0,655.0,645.5,645.5,645.5,645.5,645.5,645.5,645.5,645.5,645.5,645.5,645.5,645.5,645.5
131,A,Other liquid biofuels,CAP_PRD,THS_TY,BA,,,,,,,,,,,,,,,,,,,,,,,,,0.0,0.0,0.0,0.0,0.0,0.0,0.0,0.0,0.0
132,A,Other liquid biofuels,CAP_PRD,THS_TY,BE,0.0,0.0,0.0,0.0,0.0,0.0,0.0,0.0,0.0,0.0,0.0,0.0,0.0,0.0,0.0,340.0,340.0,340.0,340.0,340.0,340.0,340.0,71.8,71.145,71.145,71.145,71.145,69.3,69.3,69.3,69.3,69.3,69.3
133,A,Other liquid biofuels,CAP_PRD,THS_TY,BG,0.0,0.0,0.0,0.0,0.0,0.0,0.0,0.0,0.0,0.0,0.0,0.0,0.0,0.0,0.0,0.0,45.26,45.26,0.0,0.0,0.0,0.0,0.0,0.0,0.0,0.0,0.0,0.0,0.0,0.0,0.0,0.0,0.0
134,A,Other liquid biofuels,CAP_PRD,THS_TY,CY,0.0,0.0,0.0,0.0,0.0,0.0,0.0,0.0,0.0,0.0,0.0,0.0,0.0,0.0,0.0,0.0,0.0,0.0,0.0,0.0,0.0,0.0,0.0,0.0,0.0,0.0,0.0,0.0,0.0,0.0,0.0,0.0,0.0
135,A,Other liquid biofuels,CAP_PRD,THS_TY,CZ,0.0,0.0,0.0,0.0,0.0,0.0,0.0,0.0,0.0,0.0,0.0,0.0,0.0,0.0,0.0,0.0,0.0,0.0,0.0,0.0,0.0,0.0,0.0,0.0,0.0,0.0,0.0,0.0,0.0,0.0,0.0,0.0,0.0
136,A,Other liquid biofuels,CAP_PRD,THS_TY,DE,0.0,0.0,0.0,0.0,0.0,0.0,0.0,0.0,0.0,0.0,0.0,0.0,0.0,191.0,225.0,351.0,944.0,1720.0,1799.0,1790.0,2957.0,1954.0,1865.0,1975.0,1791.0,1792.0,3828.0,3962.0,3988.0,3994.0,5505.0,5288.0,5502.0
137,A,Other liquid biofuels,CAP_PRD,THS_TY,DK,0.0,0.0,0.0,0.0,0.0,0.0,0.0,0.0,0.0,0.0,2.63,10.258,6.792,22.6,34.872,40.89,60.56,64.63,96.466,87.194,104.78,42.134,50.542,44.586,42.148,30.23,14.738,10.122,12.588,7.682,4.238,9.2,4.764
138,A,Other liquid biofuels,CAP_PRD,THS_TY,EA20,28.0,28.0,28.0,28.0,28.0,28.0,28.0,28.0,28.0,28.0,28.0,28.0,28.0,219.0,335.0,801.0,1476.5,2415.26,2726.658,2817.658,3975.158,2972.158,2614.958,2778.647,2634.216,2650.216,4686.216,4766.8,4892.8,4898.8,6409.8,6192.8,6411.8
139,A,Other liquid biofuels,CAP_PRD,THS_TY,EE,0.0,0.0,0.0,0.0,0.0,0.0,0.0,0.0,0.0,0.0,0.0,0.0,0.0,0.0,0.0,0.0,0.0,0.0,0.0,0.0,0.0,0.0,0.0,0.0,0.0,0.0,0.0,0.0,0.0,0.0,0.0,0.0,0.0
140,A,Other liquid biofuels,CAP_PRD,THS_TY,EL,0.0,0.0,0.0,0.0,0.0,0.0,0.0,0.0,0.0,0.0,0.0,0.0,0.0,0.0,0.0,0.0,0.0,0.0,0.0,0.0,0.0,0.0,0.0,0.0,0.0,0.0,0.0,0.0,0.0,0.0,0.0,0.0,0.0
141,A,Other liquid biofuels,CAP_PRD,THS_TY,ES,0.0,0.0,0.0,0.0,0.0,0.0,0.0,0.0,0.0,0.0,0.0,0.0,0.0,0.0,0.0,0.0,0.0,0.0,0.0,0.0,0.0,0.0,0.0,0.0,0.0,0.0,0.0,0.0,0.0,0.0,0.0,0.0,0.0
142,A,Other liquid biofuels,CAP_PRD,THS_TY,EU27_2020,28.0,28.0,28.0,28.0,28.0,28.0,28.0,28.0,28.0,28.0,30.63,38.258,34.792,241.6,369.872,929.141,1720.112,2677.5,2939.675,3110.161,4331.959,3105.137,2788.391,2971.283,2749.35,2740.446,4786.671,4839.922,5002.388,4992.482,6534.038,6452.0,6566.564
143,A,Other liquid biofuels,CAP_PRD,THS_TY,FI,0.0,0.0,0.0,0.0,0.0,0.0,0.0,0.0,0.0,0.0,0.0,0.0,0.0,0.0,0.0,0.0,0.0,10.0,15.0,20.0,20.0,20.0,20.0,35.0,35.0,50.0,50.0,50.0,50.0,50.0,50.0,50.0,55.0
144,A,Other liquid biofuels,CAP_PRD,THS_TY,FR,0.0,0.0,0.0,0.0,0.0,0.0,0.0,0.0,0.0,0.0,0.0,0.0,0.0,0.0,0.0,0.0,0.0,0.0,0.0,0.0,0.0,0.0,0.0,0.0,40.0,40.0,40.0,40.0,40.0,40.0,40.0,40.0,40.0
145,A,Other liquid biofuels,CAP_PRD,THS_TY,GE,,,,,,,,,,,,,,,,,,,,,,,,0.0,0.0,0.0,0.0,0.0,0.0,0.0,0.0,0.0,0.0
146,A,Other liquid biofuels,CAP_PRD,THS_TY,HR,0.0,0.0,0.0,0.0,0.0,0.0,0.0,0.0,0.0,0.0,0.0,0.0,0.0,0.0,0.0,0.0,0.0,0.0,0.0,0.0,0.0,0.0,0.0,0.0,0.0,0.0,0.0,0.0,0.0,0.0,0.0,0.0,0.0
147,A,Other liquid biofuels,CAP_PRD,THS_TY,HU,0.0,0.0,0.0,0.0,0.0,0.0,0.0,0.0,0.0,0.0,0.0,0.0,0.0,0.0,0.0,0.0,0.0,0.0,0.0,0.0,0.0,0.0,0.0,0.0,0.0,0.0,0.0,0.0,0.0,0.0,0.0,0.0,0.0
148,A,Other liquid biofuels,CAP_PRD,THS_TY,IE,0.0,0.0,0.0,0.0,0.0,0.0,0.0,0.0,0.0,0.0,0.0,0.0,0.0,0.0,0.0,0.0,0.0,0.0,0.0,0.0,0.0,0.0,0.0,0.0,0.0,0.0,0.0,0.0,0.0,0.0,0.0,0.0,0.0
149,A,Other liquid biofuels,CAP_PRD,THS_TY,IS,0.0,0.0,0.0,0.0,0.0,0.0,0.0,0.0,0.0,0.0,0.0,0.0,0.0,0.0,0.0,0.0,0.0,0.0,0.0,0.0,0.0,0.0,0.0,0.0,0.0,0.0,0.0,0.0,0.0,0.0,0.0,0.0,
150,A,Other liquid biofuels,CAP_PRD,THS_TY,IT,0.0,0.0,0.0,0.0,0.0,0.0,0.0,0.0,0.0,0.0,0.0,0.0,0.0,0.0,0.0,0.0,0.0,0.0,0.0,0.0,0.0,0.0,0.0,0.0,0.0,0.0,0.0,0.0,0.0,0.0,0.0,0.0,0.0
151,A,Other liquid biofuels,CAP_PRD,THS_TY,LI,,,,,,,,,,,,,,,,,,,,,,,,,0.0,0.0,0.0,0.0,0.0,0.0,0.0,0.0,0.0
152,A,Other liquid biofuels,CAP_PRD,THS_TY,LT,0.0,0.0,0.0,0.0,0.0,0.0,0.0,0.0,0.0,0.0,0.0,0.0,0.0,0.0,0.0,0.0,0.0,0.0,0.0,0.0,0.0,0.0,0.0,0.0,0.0,0.0,0.0,0.0,0.0,0.0,0.0,0.0,0.0
153,A,Other liquid biofuels,CAP_PRD,THS_TY,LU,0.0,0.0,0.0,0.0,0.0,0.0,0.0,0.0,0.0,0.0,0.0,0.0,0.0,0.0,0.0,0.0,0.0,0.0,0.0,0.0,0.0,0.0,0.0,0.0,0.0,0.0,0.0,0.0,0.0,0.0,0.0,0.0,0.0
154,A,Other liquid biofuels,CAP_PRD,THS_TY,LV,0.0,0.0,0.0,0.0,0.0,0.0,0.0,0.0,0.0,0.0,0.0,0.0,0.0,0.0,0.0,0.0,0.0,0.0,0.0,0.0,0.0,0.0,0.0,0.0,0.0,0.0,0.0,0.0,0.0,0.0,0.0,0.0,0.0
155,A,Other liquid biofuels,CAP_PRD,THS_TY,MD,,,,,,,,,,,,,,,,,,,,,0.0,0.0,0.0,0.0,0.0,0.0,0.0,0.0,0.0,0.0,0.0,0.0,0.0
156,A,Other liquid biofuels,CAP_PRD,THS_TY,ME,,,,,,,,,,,,,,,,0.0,0.0,0.0,0.0,0.0,0.0,0.0,0.0,0.0,0.0,0.0,0.0,0.0,0.0,0.0,0.0,0.0,0.0
157,A,Other liquid biofuels,CAP_PRD,THS_TY,MK,0.0,0.0,0.0,0.0,0.0,0.0,0.0,0.0,0.0,0.0,0.0,0.0,0.0,0.0,0.0,0.0,0.0,0.0,0.0,0.0,0.0,0.0,0.0,0.0,0.0,0.0,0.0,0.0,0.0,0.0,0.0,0.0,0.0
158,A,Other liquid biofuels,CAP_PRD,THS_TY,MT,0.0,0.0,0.0,0.0,0.0,0.0,0.0,0.0,0.0,0.0,0.0,0.0,0.0,0.0,0.0,0.0,0.0,0.0,0.0,0.0,0.0,0.0,0.0,0.0,0.0,0.0,0.0,0.0,0.0,0.0,0.0,0.0,0.0
159,A,Other liquid biofuels,CAP_PRD,THS_TY,NL,0.0,0.0,0.0,0.0,0.0,0.0,0.0,0.0,0.0,0.0,0.0,0.0,0.0,0.0,0.0,0.0,0.0,0.0,0.0,0.0,0.0,0.0,0.0,0.0,0.0,0.0,0.0,0.0,100.0,100.0,100.0,100.0,100.0
160,A,Other liquid biofuels,CAP_PRD,THS_TY,NO,0.0,0.0,0.0,0.0,0.0,0.0,0.0,0.0,0.0,0.0,0.0,0.0,0.0,0.0,0.0,0.0,0.0,0.0,0.0,0.0,0.0,0.0,0.0,0.0,0.0,0.0,0.0,0.0,0.0,0.0,0.0,0.0,0.0
161,A,Other liquid biofuels,CAP_PRD,THS_TY,PL,0.0,0.0,0.0,0.0,0.0,0.0,0.0,0.0,0.0,0.0,0.0,0.0,0.0,0.0,0.0,0.0,0.0,0.0,0.0,0.0,0.0,0.0,0.0,0.0,0.0,0.0,0.0,0.0,0.0,0.0,0.0,0.0,0.0
162,A,Other liquid biofuels,CAP_PRD,THS_TY,PT,0.0,0.0,0.0,0.0,0.0,0.0,0.0,0.0,0.0,0.0,0.0,0.0,0.0,0.0,0.0,0.0,2.5,5.26,12.658,12.658,12.658,12.658,12.658,52.002,51.571,51.571,51.571,0.0,0.0,0.0,0.0,0.0,0.0
163,A,Other liquid biofuels,CAP_PRD,THS_TY,RO,0.0,0.0,0.0,0.0,0.0,0.0,0.0,0.0,0.0,0.0,0.0,0.0,0.0,0.0,0.0,0.0,0.0,0.0,0.0,0.0,0.0,0.0,0.0,0.0,0.0,0.0,0.0,0.0,0.0,0.0,0.0,0.0,
164,A,Other liquid biofuels,CAP_PRD,THS_TY,RS,0.0,0.0,0.0,0.0,0.0,0.0,0.0,0.0,0.0,0.0,0.0,0.0,0.0,0.0,0.0,0.0,0.0,0.0,0.0,0.0,0.0,0.0,0.0,0.0,0.0,0.0,0.0,0.0,0.0,0.0,0.0,0.0,0.0
165,A,Other liquid biofuels,CAP_PRD,THS_TY,SE,0.0,0.0,0.0,0.0,0.0,0.0,0.0,0.0,0.0,0.0,0.0,0.0,0.0,0.0,0.0,87.251,137.792,152.35,116.551,205.309,252.021,90.845,122.891,148.05,72.986,60.0,85.717,63.0,97.0,86.0,120.0,250.0,150.0
166,A,Other liquid biofuels,CAP_PRD,THS_TY,SI,0.0,0.0,0.0,0.0,0.0,0.0,0.0,0.0,0.0,0.0,0.0,0.0,0.0,0.0,0.0,0.0,0.0,0.0,0.0,0.0,0.0,0.0,0.0,0.0,0.0,0.0,0.0,0.0,0.0,0.0,0.0,0.0,0.0
167,A,Other liquid biofuels,CAP_PRD,THS_TY,SK,0.0,0.0,0.0,0.0,0.0,0.0,0.0,0.0,0.0,0.0,0.0,0.0,0.0,0.0,0.0,0.0,0.0,0.0,0.0,0.0,0.0,0.0,0.0,0.0,0.0,0.0,0.0,0.0,0.0,0.0,0.0,0.0,0.0
168,A,Other liquid biofuels,CAP_PRD,THS_TY,TR,0.0,0.0,0.0,0.0,0.0,0.0,0.0,0.0,0.0,0.0,0.0,0.0,0.0,0.0,0.0,0.0,0.0,0.0,0.0,0.0,0.0,0.0,0.0,0.0,0.0,0.0,0.0,0.0,0.0,0.0,0.0,0.0,0.0
169,A,Other liquid biofuels,CAP_PRD,THS_TY,UA,0.0,0.0,0.0,0.0,0.0,0.0,0.0,0.0,0.0,0.0,0.0,0.0,0.0,0.0,0.0,0.0,0.0,0.0,0.0,0.0,0.0,0.0,0.0,0.0,0.0,0.0,0.0,0.0,0.0,0.0,0.0,,
170,A,Other liquid biofuels,CAP_PRD,THS_TY,UK,0.0,0.0,0.0,0.0,0.0,0.0,0.0,0.0,0.0,0.0,0.0,0.0,0.0,0.0,0.0,0.0,0.0,0.0,0.0,0.0,0.0,0.0,0.0,0.0,0.0,0.0,0.0,0.0,0.0,0.0,,,
171,A,Other liquid biofuels,CAP_PRD,THS_TY,XK,,,,,,,,,,,0.0,0.0,0.0,0.0,0.0,0.0,0.0,0.0,0.0,0.0,0.0,0.0,0.0,0.0,0.0,0.0,0.0,0.0,0.0,0.0,0.0,0.0,0.0
